day,date,time,temp,feelslike,humidity,dew,precip,windgust,windspeed,winddir,pressure,visibility,cloudcover,solarradiation,solarenergy,uvindex
Thursday,01-08-2024,00:00:00,77,77,100,77,0,21,3.4,170,1001,1.9,100,0,0,0
Thursday,01-08-2024,01:00:00,78.8,78.8,94.23,77,0,14.5,4.7,150,1000,1.9,100,0,0,0
Thursday,01-08-2024,02:00:00,78.7,78.7,94.23,76.9,0,7.2,3.4,80,1000,1.9,100,0,0,0
Thursday,01-08-2024,03:00:00,78.8,78.8,94.23,77,0,15,6.9,110,1000,1.9,100,0,0,0
Thursday,01-08-2024,04:00:00,78.8,78.8,100,78.8,0,9.6,5.8,120,1000,1.9,100,0,0,0
Thursday,01-08-2024,05:00:00,78.9,78.9,99.48,78.7,0.498,2.9,1.3,160,998.5,1.3,95.6,0,0,0
Thursday,01-08-2024,06:00:00,78.8,78.8,100,78.8,0,3.6,2.2,139.1,1000,1.9,100,0,0,0
Thursday,01-08-2024,07:00:00,80.6,88.1,94.27,78.8,0,3.1,3.4,120,1000,1.9,100,5,0,0
Thursday,01-08-2024,08:00:00,80.1,87,95.56,78.8,0,8.1,1.7,126,999.7,1.4,92.9,14,0.1,0
Thursday,01-08-2024,09:00:00,84.2,98.2,88.99,80.6,0,3.4,4.7,140,1001,2.5,88.9,6,0,0
Thursday,01-08-2024,10:00:00,84.2,96.1,83.9,78.8,0,3.1,4.7,130,1002,3.1,88.9,21,0.1,0
Thursday,01-08-2024,11:00:00,84.7,98.5,85.53,79.9,0,3.8,3,117,1000.1,2.6,89.7,79,0.3,1
Thursday,01-08-2024,12:00:00,86,101.9,84,80.6,0,6.5,4.7,140,1001,3.1,88.9,533,1.9,5
Thursday,01-08-2024,13:00:00,86,99.4,79.19,78.8,0,8.1,4.7,140,1000,3.1,88.9,747,2.7,7
Thursday,01-08-2024,14:00:00,89.5,106,72.53,79.5,0,9.8,3.6,77,998.1,2.6,81.1,437,1.6,4
Thursday,01-08-2024,15:00:00,87.8,102.4,74.79,78.8,0,10.1,5.8,100,999,3.1,88.9,357,1.3,4
Thursday,01-08-2024,16:00:00,89.6,108.1,74.95,80.6,0,9.2,3.4,120,998,3.1,88.9,526,1.9,5
Thursday,01-08-2024,17:00:00,90.6,107.5,69.74,79.3,0,8.7,3.3,92,996.2,2.6,81.3,328,1.2,3
Thursday,01-08-2024,18:00:00,87.8,99.9,70.47,77,0,6.9,2.2,143.4,998,3.1,88.9,279,1,3
Thursday,01-08-2024,19:00:00,87.8,99.9,70.47,77,0,6.9,4.7,120,999,3.1,88.9,108,0.4,1
Thursday,01-08-2024,20:00:00,86.5,101.9,80.67,79.9,0,8.1,0.6,123.2,997.8,2.4,81.3,0,0,0
Thursday,01-08-2024,21:00:00,86,99.4,79.19,78.8,0,8.5,3.4,130,1000,3.1,88.9,0,0,0
Thursday,01-08-2024,22:00:00,86,101.9,84,80.6,0,9.6,3.4,130,1000,2.5,88.9,0,0,0
Thursday,01-08-2024,23:00:00,85.2,99.7,85.17,80.2,0,10.1,0.6,132.8,998.7,2.5,82.5,0,0,0
Friday,02-08-2024,00:00:00,84.2,98.2,88.99,80.6,0,9.8,3.4,60,999,2.5,88.9,0,0,0
Friday,02-08-2024,01:00:00,84.2,98.2,88.99,80.6,0,9.2,3.4,100,999,1.9,88.9,0,0,0
Friday,02-08-2024,02:00:00,81.5,92.4,99.27,81.3,0.096,9.6,1,90,996.8,1.4,89.7,0,0,0
Friday,02-08-2024,03:00:00,82.4,92.4,88.91,78.8,0,7.6,0,0,998,2.5,88.9,0,0,0
Friday,02-08-2024,04:00:00,82.4,92.4,88.91,78.8,0,7.4,2.2,123.3,998,2.5,88.9,0,0,0
Friday,02-08-2024,05:00:00,81.5,92.2,98.34,81,0,7.4,0,0,997,1.6,44.1,0,0,0
Friday,02-08-2024,06:00:00,82.4,92.4,88.91,78.8,0,9.2,0,0,999,2.5,50,0,0,0
Friday,02-08-2024,07:00:00,84.2,96.1,83.9,78.8,0,10.5,2.2,103.2,999,2.5,50,20,0.1,0
Friday,02-08-2024,08:00:00,86,103.8,87.53,81.8,0,13.4,4,89,997.8,1.4,72.7,148,0.5,1
Friday,02-08-2024,09:00:00,86,101.9,84,80.6,0,15.7,6.9,110,1000,2.5,88.9,319,1.1,3
Friday,02-08-2024,10:00:00,87.8,102.4,74.79,78.8,0,17,5.8,90,999,1.9,88.9,461,1.7,5
Friday,02-08-2024,11:00:00,90.5,110.8,74.75,81.3,0,17.7,5.8,82,997,2.3,81.3,557,2,6
Friday,02-08-2024,12:00:00,87.8,111.8,89.14,84.2,0,19.7,8.1,110,998,1.9,88.9,614,2.2,6
Friday,02-08-2024,13:00:00,82.4,94.1,94.32,80.6,0,16.8,4.7,70,998,1.9,88.9,823,3,8
Friday,02-08-2024,14:00:00,86.9,102.1,78.88,79.6,0.024,15.2,5.6,74,995.9,2.3,89.7,866,3.1,9
Friday,02-08-2024,15:00:00,86,99.4,79.19,78.8,0,14.3,8.1,90,997,2.5,88.9,696,2.5,7
Friday,02-08-2024,16:00:00,87.8,105.1,79.33,80.6,0,13.2,6.9,90,996,2.5,88.9,188,0.7,2
Friday,02-08-2024,17:00:00,89.5,110.6,78.57,82,0,13,5.6,76,995,2.3,88.4,111,0.4,1
Friday,02-08-2024,18:00:00,87.8,108.2,84.11,82.4,0,14.3,5.8,90,997,2.5,88.9,138,0.5,1
Friday,02-08-2024,19:00:00,86,104.7,89.07,82.4,0,15.4,3.4,100,997,2.5,50,91,0.3,1
Friday,02-08-2024,20:00:00,86.9,105.3,84.85,81.7,0,15.4,3.4,76,996.7,1.4,79.8,0,0,0
Friday,02-08-2024,21:00:00,86,104.7,89.07,82.4,0,14.5,5.8,70,999,2.5,88.9,0,0,0
Friday,02-08-2024,22:00:00,86,104.7,89.07,82.4,0,14.1,4.7,80,999,2.5,88.9,0,0,0
Friday,02-08-2024,23:00:00,85.5,102.3,88.17,81.6,0,13.9,1.3,84,997.7,1.4,51.3,0,0,0
Saturday,03-08-2024,00:00:00,84.2,100.7,94.36,82.4,0,17.7,4.7,100,999,2.5,50,0,0,0
Saturday,03-08-2024,01:00:00,84.2,100.7,94.36,82.4,0,18.6,4.7,110,998,2.5,50,0,0,0
Saturday,03-08-2024,02:00:00,84.3,99.5,91.26,81.4,0,17.7,0.6,100,997.2,1.5,50,0,0,0
Saturday,03-08-2024,03:00:00,82.4,94.1,94.32,80.6,0,17.9,3.4,100,998,2.5,50,0,0,0
Saturday,03-08-2024,04:00:00,82.4,94.1,94.32,80.6,0,17.7,4.7,110,998,2.5,50,0,0,0
Saturday,03-08-2024,05:00:00,82.5,93.4,91.31,79.7,0,19.2,5.7,76,997.7,1.3,71.4,0,0,0
Saturday,03-08-2024,06:00:00,82.4,94.1,94.32,80.6,0,21.7,8.1,90,999,1.9,50,0,0,0
Saturday,03-08-2024,07:00:00,84.2,100.7,94.36,82.4,0,21.5,9.2,110,1000,1.9,88.9,19,0.1,0
Saturday,03-08-2024,08:00:00,84.6,98.2,85.57,79.8,0,22.4,7.1,98,999,1.3,66.9,150,0.5,2
Saturday,03-08-2024,09:00:00,86,101.9,84,80.6,0,19.9,10.3,120,1001,2.5,88.9,345,1.2,3
Saturday,03-08-2024,10:00:00,87.8,105.1,79.33,80.6,0,19,10.3,120,1001,3.1,88.9,502,1.8,5
Saturday,03-08-2024,11:00:00,91.3,108.2,67.62,79.1,0,19,8.6,81,999.4,2.6,67.1,610,2.2,6
Saturday,03-08-2024,12:00:00,91.4,105.1,62.93,77,0,18.3,6.9,140,1001,4.3,88.9,755,2.7,8
Saturday,03-08-2024,13:00:00,93.2,107.5,59.5,77,0,19.7,8.1,130,1000,4.3,88.9,784,2.8,8
Saturday,03-08-2024,14:00:00,93.5,112.6,64.57,79.8,0,18.3,6.2,138,998.2,2.8,61,778,2.8,8
Saturday,03-08-2024,15:00:00,91.4,105.1,62.93,77,0,17.2,9.2,130,1000,2.8,50,755,2.7,8
Saturday,03-08-2024,16:00:00,86,99.4,79.19,78.8,0,16.8,8.1,110,999,3.1,50,657,2.4,7
Saturday,03-08-2024,17:00:00,90.9,109.4,70.83,80.2,0.013,16.1,5,91,997.3,2.6,79.5,525,1.9,5
Saturday,03-08-2024,18:00:00,87.8,108.2,84.11,82.4,0,15.2,5.8,110,1000,3.1,50,330,1.2,3
Saturday,03-08-2024,19:00:00,86,99.4,79.19,78.8,0,15,8.1,130,1000,3.1,50,135,0.5,1
Saturday,03-08-2024,20:00:00,87.4,99.8,72.4,77.4,0.001,15,5.8,97,999.6,2.5,41.6,0,0,0
Saturday,03-08-2024,21:00:00,84.2,96.1,83.9,78.8,0,15.9,8.1,100,1002,2.5,88.9,0,0,0
Saturday,03-08-2024,22:00:00,84.2,98.2,88.99,80.6,0,16.3,6.9,100,1003,2.5,88.9,0,0,0
Saturday,03-08-2024,23:00:00,85.1,97.9,81.72,78.9,0,13.4,5.8,110,1001.6,2.5,88.4,0,0,0
Sunday,04-08-2024,00:00:00,84.2,98.2,88.99,80.6,0,13.4,5.8,100,1003,2.5,88.9,0,0,0
Sunday,04-08-2024,01:00:00,82.4,94.1,94.32,80.6,0,15,4.7,80,1002,2.5,88.9,0,0,0
Sunday,04-08-2024,02:00:00,82.3,93.8,94.31,80.5,0,16.1,4.7,90,1002,1.9,88,0,0,0
Sunday,04-08-2024,03:00:00,82.4,92.4,88.91,78.8,0,18.1,0,0,1002,1.9,88.9,0,0,0
Sunday,04-08-2024,04:00:00,82.4,94.1,94.32,80.6,0,21.3,4.7,100,1002,1.9,88.9,0,0,0
Sunday,04-08-2024,05:00:00,83.3,94.2,85.99,78.7,0,25.5,4.4,64,1000.3,1.3,85.9,0,0,0
Sunday,04-08-2024,06:00:00,84.2,98.2,88.99,80.6,0,26.4,5.8,70,1002,1.9,88.9,0,0,0
Sunday,04-08-2024,07:00:00,84.2,96.1,83.9,78.8,0,25.7,9.2,90,1003,2.5,50,19,0.1,0
Sunday,04-08-2024,08:00:00,86.4,98.9,75.87,77.9,0,26.2,6.9,90,1001.5,2.5,81.3,151,0.5,2
Sunday,04-08-2024,09:00:00,86,99.4,79.19,78.8,0,24.6,11.4,100,1003,2.5,88.9,338,1.2,3
Sunday,04-08-2024,10:00:00,89.6,105.1,70.66,78.8,0,18.3,6.9,100,1004,2.5,88.9,541,1.9,5
Sunday,04-08-2024,11:00:00,92.9,106.8,59.45,76.7,0,23,11.2,90,1001.3,2.6,58.5,708,2.5,7
Sunday,04-08-2024,12:00:00,91.4,102.6,59.27,75.2,0,28.9,11.4,90,1003,3.7,88.9,826,3,8
Sunday,04-08-2024,13:00:00,93.2,105,56.04,75.2,0,20.8,9.2,90,1002,3.7,88.9,312,1.1,3
Sunday,04-08-2024,14:00:00,94,109.9,59.64,77.8,0,20.8,7.5,74,999.1,2.7,81.2,375,1.3,4
Sunday,04-08-2024,15:00:00,93.2,105,56.04,75.2,0,20.8,9.2,70,1000,3.7,88.9,811,2.9,8
Sunday,04-08-2024,16:00:00,93.2,105,56.04,75.2,0,20.8,10.3,40,1000,3.7,88.9,697,2.5,7
Sunday,04-08-2024,17:00:00,94.1,112.5,62.46,79.3,0,20.1,7.5,48,997.7,2.6,78.7,528,1.9,5
Sunday,04-08-2024,18:00:00,91.4,107.8,66.78,78.8,0,18.6,9.2,30,1000,3.1,88.9,330,1.2,3
Sunday,04-08-2024,19:00:00,84.2,100.7,94.36,82.4,0,17.2,6.9,70,1001,1.2,88.9,134,0.5,1
Sunday,04-08-2024,20:00:00,81.2,90.7,96.2,80.1,0.173,18.6,2,50,999.7,2.2,58.4,0,0,0
Sunday,04-08-2024,21:00:00,82.4,92.4,88.91,78.8,0,22.8,5.8,40,1002,1.9,50,0,0,0
Sunday,04-08-2024,22:00:00,84.2,94.1,79.06,77,0,26.6,9.2,50,1002,1.9,50,0,0,0
Sunday,04-08-2024,23:00:00,83.2,94.1,86.73,78.8,0,26.2,11,50,1000.8,1.3,34.5,0,0,0
Monday,05-08-2024,00:00:00,84.2,94.1,79.06,77,0,27.5,11.4,60,1001,1.9,50,0,0,0
Monday,05-08-2024,01:00:00,84.2,94.1,79.06,77,0,27.5,11.4,60,1001,1.9,50,0,0,0
Monday,05-08-2024,02:00:00,82.7,93.3,88.66,79,0,25.9,8.2,84,999.5,1.3,55.9,0,0,0
Monday,05-08-2024,03:00:00,84.2,94.1,79.06,77,0,28.2,12.8,70,1000,1.9,50,0,0,0
Monday,05-08-2024,04:00:00,82.4,92.4,88.91,78.8,0,20.8,9.2,60,1001,1.9,50,0,0,0
Monday,05-08-2024,05:00:00,82.7,92.4,85.91,78.1,0,20.8,9.8,80,999.9,1.3,82.3,0,0,0
Monday,05-08-2024,06:00:00,82.4,92.4,88.91,78.8,0,25.3,12.8,80,1001,1.9,88.9,0,0,0
Monday,05-08-2024,07:00:00,84.2,96.1,83.9,78.8,0,23,11.4,70,1001,1.9,50,17,0.1,0
Monday,05-08-2024,08:00:00,84.7,96.7,82.1,78.6,0,23,11.1,74,1000.6,1.3,89.5,145,0.5,1
Monday,05-08-2024,09:00:00,86,99.4,79.19,78.8,0,25.3,11.4,90,1002,3.1,88.9,326,1.2,3
Monday,05-08-2024,10:00:00,87.8,99.9,70.47,77,0,20.8,6.9,90,1003,3.1,88.9,501,1.8,5
Monday,05-08-2024,11:00:00,88.1,102.3,73.24,78.4,0,18.3,11,90,1001.4,2.6,89.7,559,2,6
Monday,05-08-2024,12:00:00,87.8,102.4,74.79,78.8,0,20.8,9.2,90,1002,3.1,88.9,553,2,6
Monday,05-08-2024,13:00:00,87.8,99.9,70.47,77,0,23,11.4,90,1002,3.1,88.9,815,2.9,8
Monday,05-08-2024,14:00:00,90,105.9,70.02,78.9,0,23,9.6,90,999.7,2.6,88.4,656,2.4,7
Monday,05-08-2024,15:00:00,89.6,105.1,70.66,78.8,0,23,11.4,90,1000,3.1,50,579,2.1,6
Monday,05-08-2024,16:00:00,89.6,105.1,70.66,78.8,0,23,11.4,100,1000,3.1,88.9,460,1.7,5
Monday,05-08-2024,17:00:00,90,109.4,74.71,80.9,0,17.7,7.5,76,997.8,2.6,60.9,211,0.8,2
Monday,05-08-2024,18:00:00,87.8,108.2,84.11,82.4,0,15,9.2,90,1000,3.1,50,237,0.9,2
Monday,05-08-2024,19:00:00,86,101.9,84,80.6,0,15.4,9.2,80,1000,3.1,50,128,0.5,1
Monday,05-08-2024,20:00:00,86.9,102.6,79.9,79.9,0,15.9,7.4,76,999.4,2.5,46.6,0,0,0
Monday,05-08-2024,21:00:00,86,104.7,89.07,82.4,0,14.8,9.2,100,1002,2.5,50,0,0,0
Monday,05-08-2024,22:00:00,84.2,98.2,88.99,80.6,0,14.3,8.1,100,1002,2.5,50,0,0,0
Monday,05-08-2024,23:00:00,85.5,100.8,85.36,80.6,0,16.1,4.4,112,1000.6,2.5,46.6,0,0,0
Tuesday,06-08-2024,00:00:00,84.2,98.2,88.99,80.6,0,18.8,5.8,120,1002,2.5,50,0,0,0
Tuesday,06-08-2024,01:00:00,84.2,100.7,94.36,82.4,0,17.9,3.4,120,1001,2.5,50,0,0,0
Tuesday,06-08-2024,02:00:00,83.8,96.4,87.63,79.7,0,17.9,4.7,133,999.3,2.3,44.1,0,0,0
Tuesday,06-08-2024,03:00:00,82.4,94.1,94.32,80.6,0,15.4,5.8,140,1000,2.5,50,0,0,0
Tuesday,06-08-2024,04:00:00,82.4,94.1,94.32,80.6,0,14.1,5.8,130,1000,2.5,50,0,0,0
Tuesday,06-08-2024,05:00:00,82.1,92.5,92.1,79.6,0,13.6,3.3,110,998.8,2.2,59.9,0,0,0
Tuesday,06-08-2024,06:00:00,80.6,89.3,100,80.6,0,13.9,5.8,120,1001,1.9,88.9,0,0,0
Tuesday,06-08-2024,07:00:00,82.4,94.1,94.32,80.6,0,13.9,6.9,120,1001,1.9,50,15,0.1,0
Tuesday,06-08-2024,08:00:00,84,95.1,82.81,78.2,0,14.8,2.9,139,999.8,2.6,51.5,102,0.4,1
Tuesday,06-08-2024,09:00:00,86,97.1,74.63,77,0,14.5,4.7,170,1001,3.1,88.9,190,0.7,2
Tuesday,06-08-2024,10:00:00,86,97.1,74.63,77,0,13.9,5.8,170,1001,3.1,88.9,154,0.6,2
Tuesday,06-08-2024,11:00:00,88.3,102.3,72.23,78.2,0,13,2.9,146,999.4,2.6,82.4,420,1.5,4
Tuesday,06-08-2024,12:00:00,87.8,99.9,70.47,77,0,13.9,5.8,160,1001,3.1,88.9,686,2.5,7
Tuesday,06-08-2024,13:00:00,89.6,102.5,66.58,77,0,13.9,4.7,120,1000,3.1,88.9,665,2.4,7
Tuesday,06-08-2024,14:00:00,92.6,108.6,63.22,78.3,0,12.8,4.4,166,997.6,2.8,50.2,690,2.5,7
Tuesday,06-08-2024,15:00:00,89.6,105.1,70.66,78.8,0,11.6,6.9,130,999,4.3,88.9,704,2.5,7
Tuesday,06-08-2024,16:00:00,89.6,105.1,70.66,78.8,0,11,6.9,140,998,4.3,88.9,527,1.9,5
Tuesday,06-08-2024,17:00:00,91.1,107.1,66.95,78.6,0,10.7,7.2,170,996.3,2.7,89.3,338,1.2,3
Tuesday,06-08-2024,18:00:00,87.8,99.9,70.47,77,0,11,6.9,170,999,3.1,88.9,229,0.8,2
Tuesday,06-08-2024,19:00:00,86,97.1,74.63,77,0,11.4,5.8,190,999,3.1,88.9,108,0.4,1
Tuesday,06-08-2024,20:00:00,87.2,100.9,75.54,78.5,0,13.4,5.7,216,997.7,2.6,78.8,0,0,0
Tuesday,06-08-2024,21:00:00,86,99.4,79.19,78.8,0,15,8.1,200,1001,3.1,88.9,0,0,0
Tuesday,06-08-2024,22:00:00,84.2,96.1,83.9,78.8,0,15,6.9,190,1001,3.1,88.9,0,0,0
Tuesday,06-08-2024,23:00:00,84.4,95.1,80.19,77.6,0,15,6.1,217,999.6,2.6,81.3,0,0,0
Wednesday,07-08-2024,00:00:00,82.4,92.4,88.91,78.8,0,14.8,5.8,190,1001,3.1,88.9,0,0,0
Wednesday,07-08-2024,01:00:00,82.4,94.1,94.32,80.6,0,13.6,4.7,190,1001,3.1,88.9,0,0,0
Wednesday,07-08-2024,02:00:00,82.9,94.1,89.12,79.4,0,11.6,4.9,217,998.7,2.6,88.4,0,0,0
Wednesday,07-08-2024,03:00:00,82.4,94.1,94.32,80.6,0,11.4,5.8,180,1000,3.1,88.9,0,0,0
Wednesday,07-08-2024,04:00:00,82.4,94.1,94.32,80.6,0,11.4,4.7,200,1000,3.1,88.9,0,0,0
Wednesday,07-08-2024,05:00:00,82.5,92.2,87.68,78.4,0,10.5,1.3,186,998.8,2.5,88.4,0,0,0
Wednesday,07-08-2024,06:00:00,82.4,94.1,94.32,80.6,0,9.4,3.4,180,1001,2.5,100,0,0,0
Wednesday,07-08-2024,07:00:00,82.4,94.1,94.32,80.6,0,8.9,4.7,170,1001,2.5,100,5,0,0
Wednesday,07-08-2024,08:00:00,82.4,93.1,91.35,79.6,0.007,8.7,1.4,145,1000.4,1.2,99.9,20,0.1,0
Wednesday,07-08-2024,09:00:00,84.2,98.2,88.99,80.6,0,8.5,4.7,150,1002,1.9,100,40,0.1,0
Wednesday,07-08-2024,10:00:00,80.6,89.3,100,80.6,0,9.2,6.9,140,1002,1.2,100,47,0.2,0
Wednesday,07-08-2024,11:00:00,83.7,97.4,90.75,80.7,0.025,9.8,4.7,215,1000.8,1.3,100,169,0.6,2
Wednesday,07-08-2024,12:00:00,84.2,98.2,88.99,80.6,0,10.7,4.7,180,1002,2.5,88.9,423,1.5,4
Wednesday,07-08-2024,13:00:00,86,101.9,84,80.6,0,12.1,4.7,180,1001,2.5,88.9,678,2.4,7
Wednesday,07-08-2024,14:00:00,87.5,104.3,79.47,80.4,0,12.5,3.4,94,999.1,2.5,91,633,2.3,6
Wednesday,07-08-2024,15:00:00,84.2,98.2,88.99,80.6,0,12.3,5.8,110,1000,2.5,88.9,525,1.9,5
Wednesday,07-08-2024,16:00:00,82.4,92.4,88.91,78.8,0,13.2,4.7,150,1000,1.9,88.9,362,1.3,4
Wednesday,07-08-2024,17:00:00,81.3,91.3,97.33,80.5,0.412,14.8,5.5,35,999.1,1.3,96.7,187,0.7,2
Wednesday,07-08-2024,18:00:00,82.4,96.1,100,82.4,0,10.1,5.8,50,1001,1.2,100,104,0.4,1
Wednesday,07-08-2024,19:00:00,82.4,96.1,100,82.4,0,10.1,3.4,60,1001,1.2,100,80,0.3,1
Wednesday,07-08-2024,20:00:00,80.8,89.9,98.84,80.5,0.311,10.5,4.1,77,1000.8,1.3,92.9,0,0,0
Wednesday,07-08-2024,21:00:00,80.6,88.1,94.27,78.8,0,11.2,5.8,120,1003,1.9,100,0,0,0
Wednesday,07-08-2024,22:00:00,80.6,88.1,94.27,78.8,0,12.8,3.4,210,1003,1.9,100,0,0,0
Wednesday,07-08-2024,23:00:00,80.5,88.6,98.84,80.1,0,13.4,2.4,73,1001.9,1.3,92.9,0,0,0
Thursday,08-08-2024,00:00:00,80.6,88.1,94.27,78.8,0,14.8,4.7,140,1003,1.9,100,0,0,0
Thursday,08-08-2024,01:00:00,80.6,88.1,94.27,78.8,0,13.4,0,0,1003,1.2,100,0,0,0
Thursday,08-08-2024,02:00:00,79.8,79.8,97.72,79.1,0.035,12.5,2.4,73,1000.5,1.3,92.9,0,0,0
Thursday,08-08-2024,03:00:00,78.8,78.8,100,78.8,0,12.5,0,0,1002,1.9,100,0,0,0
Thursday,08-08-2024,04:00:00,78.8,78.8,100,78.8,0,10.5,3.4,90,1001,1.9,100,0,0,0
Thursday,08-08-2024,05:00:00,80.1,87,97.38,79.2,0,9.6,3.4,96,1000.8,1.3,100,0,0,0
Thursday,08-08-2024,06:00:00,80.6,88.1,94.27,78.8,0,8.5,4.7,90,1002,1.9,88.9,0,0,0
Thursday,08-08-2024,07:00:00,80.6,88.1,94.27,78.8,0,9.8,4.7,90,1003,1.2,88.9,13,0,0
Thursday,08-08-2024,08:00:00,82.3,93.9,94.67,80.6,0,9.2,4,75,1002.2,1.3,89.7,90,0.3,1
Thursday,08-08-2024,09:00:00,82.4,94.1,94.32,80.6,0,10.5,6.9,90,1004,1.9,88.9,336,1.2,3
Thursday,08-08-2024,10:00:00,84.2,98.2,88.99,80.6,0,8.7,9.2,90,1004,2.5,88.9,513,1.8,5
Thursday,08-08-2024,11:00:00,87.6,105.9,81.56,81.3,0.007,10.1,7.5,90,1002.5,1.7,81.3,627,2.3,6
Thursday,08-08-2024,12:00:00,87.8,105.1,79.33,80.6,0,9.4,6.9,80,1003,3.1,88.9,748,2.7,7
Thursday,08-08-2024,13:00:00,87.8,102.4,74.79,78.8,0,12.8,6.9,100,1003,3.1,88.9,767,2.8,8
Thursday,08-08-2024,14:00:00,91.2,110.5,71.28,80.6,0,13.4,9.1,92,1000.4,2.6,95.5,701,2.5,7
Thursday,08-08-2024,15:00:00,87.8,102.4,74.79,78.8,0,14.1,11.4,80,1002,3.1,88.9,718,2.6,7
Thursday,08-08-2024,16:00:00,87.8,105.1,79.33,80.6,0,11.4,6.9,70,1002,3.1,88.9,517,1.9,5
Thursday,08-08-2024,17:00:00,88.3,108.4,81.6,82,0.094,11,5.5,118,1000,2.6,81.4,429,1.5,4
Thursday,08-08-2024,18:00:00,84.2,100.7,94.36,82.4,0,11,3.4,220,1002,2.5,88.9,172,0.6,2
Thursday,08-08-2024,19:00:00,84.2,100.7,94.36,82.4,0,11.4,4.7,240,1003,2.5,88.9,104,0.4,1
Thursday,08-08-2024,20:00:00,82.5,93.5,91.07,79.7,0.241,11.4,1,160,1002.3,2.1,92.9,0,0,0
Thursday,08-08-2024,21:00:00,80.6,88.1,94.27,78.8,0,12.3,3.4,110,1004,1.9,88.9,0,0,0
Thursday,08-08-2024,22:00:00,80.6,88.1,94.27,78.8,0,11.6,2.2,130.4,1004,1.9,88.9,0,0,0
Thursday,08-08-2024,23:00:00,82,92.3,93.08,79.8,0,12.1,0.6,128.4,1003,2.2,68.3,0,0,0
Friday,09-08-2024,00:00:00,80.6,88.1,94.27,78.8,0,11.9,4.7,60,1004,1.9,88.9,0,0,0
Friday,09-08-2024,01:00:00,80.6,88.1,94.27,78.8,0,12.5,3.4,70,1004,1.9,88.9,0,0,0
Friday,09-08-2024,02:00:00,81.7,91.6,93.65,79.7,0,12.8,1.2,56,1001.9,2.2,88.4,0,0,0
Friday,09-08-2024,03:00:00,80.6,88.1,94.27,78.8,0,12.8,4.7,10,1004,1.9,88.9,0,0,0
Friday,09-08-2024,04:00:00,80.6,88.1,94.27,78.8,0,12.8,3.4,70,1003,1.9,88.9,0,0,0
Friday,09-08-2024,05:00:00,81.7,91.9,94.75,80.1,0,12.1,1.3,44,1001.8,2.2,88.4,0,0,0
Friday,09-08-2024,06:00:00,80.6,89.3,100,80.6,0,11.2,4.7,40,1004,1.2,88.9,0,0,0
Friday,09-08-2024,07:00:00,82.4,94.1,94.32,80.6,0,11,8.1,60,1005,1.2,88.9,15,0.1,0
Friday,09-08-2024,08:00:00,85.3,100.5,86.01,80.6,0,10.7,5.6,82,1003.6,1.2,89.7,131,0.5,1
Friday,09-08-2024,09:00:00,84.2,100.7,94.36,82.4,0,10.3,8.1,70,1005,1.9,88.9,322,1.2,3
Friday,09-08-2024,10:00:00,87.8,111.8,89.14,84.2,0,9.8,6.9,90,1005,1.9,88.9,510,1.8,5
Friday,09-08-2024,11:00:00,90.6,112.1,75.83,81.9,0.02,8.9,6.4,76,1003.1,1.3,81.3,651,2.3,7
Friday,09-08-2024,12:00:00,91.4,114.3,75.11,82.4,0,9.8,4.7,80,1004,1.9,88.9,690,2.5,7
Friday,09-08-2024,13:00:00,87.8,108.2,84.11,82.4,0,9.8,5.8,90,1003,1.9,88.9,777,2.8,8
Friday,09-08-2024,14:00:00,93,115.7,70.34,81.9,0.003,8.9,7.1,112,1001,1.4,82.5,780,2.8,8
Friday,09-08-2024,15:00:00,89.6,108.1,74.95,80.6,0,7.8,8.1,140,1002,2.5,88.9,628,2.3,6
Friday,09-08-2024,16:00:00,89.6,108.1,74.95,80.6,0,6.7,4.7,130,1002,2.5,88.9,396,1.4,4
Friday,09-08-2024,17:00:00,83.9,99.9,95.07,82.3,0,6.9,5.8,61,1001,1.4,99.9,233,0.8,2
Friday,09-08-2024,18:00:00,80.6,88.1,94.27,78.8,0,7.8,8.1,50,1003,0.6,100,85,0.3,1
Friday,09-08-2024,19:00:00,80.6,88.1,94.27,78.8,0,8.5,3.4,50,1004,1.9,100,22,0.1,0
Friday,09-08-2024,20:00:00,82.1,93.3,94.88,80.5,0.723,8.3,3,140,1002.9,1.3,92.9,0,0,0
Friday,09-08-2024,21:00:00,82.4,92.4,88.91,78.8,0,8.3,2.2,118.6,1004,1.9,100,0,0,0
Friday,09-08-2024,22:00:00,82.4,92.4,88.91,78.8,0,8.9,0,0,1004,1.9,88.9,0,0,0
Friday,09-08-2024,23:00:00,81.5,91.9,97.66,80.7,0,11.4,1,96,1003.3,1.3,60.9,0,0,0
Saturday,10-08-2024,00:00:00,80.6,88.1,94.27,78.8,0,13.6,4.7,30,1004,1.9,50,0,0,0
Saturday,10-08-2024,01:00:00,80.6,88.1,94.27,78.8,0,13.9,3.4,50,1004,1.9,50,0,0,0
Saturday,10-08-2024,02:00:00,81.2,91.1,98.48,80.7,0,15.4,2.6,70,1001.7,1.3,58.4,0,0,0
Saturday,10-08-2024,03:00:00,80.6,88.1,94.27,78.8,0,15.2,2.2,96.2,1003,1.9,50,0,0,0
Saturday,10-08-2024,04:00:00,80.6,88.1,94.27,78.8,0,13.4,3.4,40,1003,1.9,50,0,0,0
Saturday,10-08-2024,05:00:00,81.1,90.9,98.8,80.7,0,13.9,1.3,44,1002.2,0.8,75.2,0,0,0
Saturday,10-08-2024,06:00:00,80.6,88.1,94.27,78.8,0,12.1,3.4,40,1004,1.2,50,0,0,0
Saturday,10-08-2024,07:00:00,82.4,92.4,88.91,78.8,0,12.8,5.8,80,1004,1.2,50,17,0.1,0
Saturday,10-08-2024,08:00:00,84.2,99.5,92.05,81.6,0,12.3,4.7,92,1002.7,1.2,75.3,131,0.5,1
Saturday,10-08-2024,09:00:00,86,104.7,89.07,82.4,0,10.3,5.8,90,1004,1.9,88.9,322,1.2,3
Saturday,10-08-2024,10:00:00,86,104.7,89.07,82.4,0,8.9,6.9,110,1005,1.9,88.9,497,1.8,5
Saturday,10-08-2024,11:00:00,88.7,109.8,81.89,82.4,0,7.2,3.3,102,1002.8,1.3,81.2,667,2.4,7
Saturday,10-08-2024,12:00:00,87.8,111.8,89.14,84.2,0,7.4,8.1,90,1004,1.9,88.9,725,2.6,7
Saturday,10-08-2024,13:00:00,86,107.9,94.4,84.2,0,8.1,5.8,120,1003,1.9,88.9,787,2.8,8
Saturday,10-08-2024,14:00:00,87.2,105.6,83.39,81.5,0,7.8,6.3,205,1000.4,1.3,96.6,723,2.6,7
Saturday,10-08-2024,15:00:00,86,99.4,79.19,78.8,0,5.8,5.8,130,1002,2.5,88.9,745,2.7,7
Saturday,10-08-2024,16:00:00,86,99.4,79.19,78.8,0,4.5,4.7,120,1001,2.5,88.9,621,2.2,6
Saturday,10-08-2024,17:00:00,85.2,101.5,88.16,81.3,0.033,3.8,1,111,999.6,1.6,88.3,434,1.6,4
Saturday,10-08-2024,18:00:00,86,99.4,79.19,78.8,0,7.4,4.7,110,1002,2.5,88.9,212,0.8,2
Saturday,10-08-2024,19:00:00,84.2,98.2,88.99,80.6,0,10.1,2.2,130,1002,2.5,50,91,0.3,1
Saturday,10-08-2024,20:00:00,84.3,99.1,90.25,81.1,0,11.4,3.4,138,1001.2,2.3,79.8,0,0,0
Saturday,10-08-2024,21:00:00,84.2,98.2,88.99,80.6,0,11.4,3.4,100,1003,1.9,88.9,0,0,0
Saturday,10-08-2024,22:00:00,82.4,94.1,94.32,80.6,0,11,3.4,100,1003,1.2,88.9,0,0,0
Saturday,10-08-2024,23:00:00,83,96.1,93.98,81.1,0.001,10.3,3.4,110,1001.2,1.3,89.7,0,0,0
Sunday,11-08-2024,00:00:00,82.4,94.1,94.32,80.6,0,11.4,3.4,90,1003,1.9,88.9,0,0,0
Sunday,11-08-2024,01:00:00,82.4,94.1,94.32,80.6,0,15.7,2.2,110,1002,1.9,88.9,0,0,0
Sunday,11-08-2024,02:00:00,82.9,96.7,96.32,81.8,0,17.4,0.6,104,1000,1.3,96.8,0,0,0
Sunday,11-08-2024,03:00:00,82.4,94.1,94.32,80.6,0,16.3,2.2,120,1001,1.2,88.9,0,0,0
Sunday,11-08-2024,04:00:00,82.4,94.1,94.32,80.6,0,15.9,4.7,110,1001,1.2,88.9,0,0,0
Sunday,11-08-2024,05:00:00,81.5,92.3,98.55,81.1,0.022,16.6,1.3,90,999.7,1.1,100,0,0,0
Sunday,11-08-2024,06:00:00,80.6,89.3,100,80.6,0,14.3,5.8,240,1002,1.2,100,0,0,0
Sunday,11-08-2024,07:00:00,80.6,89.3,100,80.6,0,13.2,3.4,290,1002,1.9,100,8,0,0
Sunday,11-08-2024,08:00:00,83.7,98.1,92.65,81.3,0.029,13.2,3,71,1000.9,1.3,92.9,60,0.2,1
Sunday,11-08-2024,09:00:00,78.8,78.8,100,78.8,0,13.6,9.2,210,1003,0.6,100,160,0.6,2
Sunday,11-08-2024,10:00:00,77,77,100,77,0,13.2,4.7,250,1003,1.2,100,297,1.1,3
Sunday,11-08-2024,11:00:00,81.6,91.5,94.53,79.9,0.098,13,1.7,179,1002,1.3,99.9,455,1.6,5
Sunday,11-08-2024,12:00:00,78.8,78.8,94.23,77,0,13.4,3.4,230,1002,1.9,100,514,1.9,5
Sunday,11-08-2024,13:00:00,82.4,90.8,83.79,77,0,14.1,3.4,250,1001,2.5,88.9,569,2,6
Sunday,11-08-2024,14:00:00,84.8,98,84.1,79.5,0.018,13.2,3.3,264,999.5,2.5,81.3,705,2.5,7
Sunday,11-08-2024,15:00:00,84.2,94.1,79.06,77,0,12.1,3.4,270,1001,2.5,88.9,681,2.5,7
Sunday,11-08-2024,16:00:00,82.4,92.4,88.91,78.8,0,10.3,3.4,80,1001,1.9,88.9,497,1.8,5
Sunday,11-08-2024,17:00:00,78.8,78.8,99.55,78.6,1.018,8.7,4.2,63,999.5,1.2,99.9,296,1.1,3
Sunday,11-08-2024,18:00:00,78.8,78.8,94.23,77,0,8.1,4.7,40,1001,1.9,100,175,0.6,2
Sunday,11-08-2024,19:00:00,80.6,88.1,94.27,78.8,0,6,4.7,330,1002,1.9,100,64,0.2,1
Sunday,11-08-2024,20:00:00,80,80,99.85,79.9,0.035,5.8,0,0,1000.8,1.3,100,0,0,0
Sunday,11-08-2024,21:00:00,80.6,88.1,94.27,78.8,0,6,4.7,40,1002,1.9,100,0,0,0
Sunday,11-08-2024,22:00:00,80.6,88.1,94.27,78.8,0,6.7,3.4,30,1003,1.9,100,0,0,0
Sunday,11-08-2024,23:00:00,80.6,88.6,97.19,79.7,0,7.2,0.6,122.5,1001.9,1.3,92.9,0,0,0
Monday,12-08-2024,00:00:00,80.6,88.1,94.27,78.8,0,7.8,3.4,50,1003,1.9,100,0,0,0
Monday,12-08-2024,01:00:00,80.6,88.1,94.27,78.8,0,8.9,2.2,133.6,1003,1.9,88.9,0,0,0
Monday,12-08-2024,02:00:00,80.5,87.9,94.27,78.7,0.004,10.1,0,0,1002,1.9,88,0,0,0
Monday,12-08-2024,03:00:00,78.7,78.7,100,78.7,0.008,10.3,4.7,30,1002,1.9,88,0,0,0
Monday,12-08-2024,04:00:00,80.5,87.9,94.27,78.7,0.004,10.5,4.7,40,1002,1.9,88,0,0,0
Monday,12-08-2024,05:00:00,80.5,87.9,94.27,78.7,0,12.3,4.7,40,1002,1.9,88,0,0,0
Monday,12-08-2024,06:00:00,80.5,87.9,94.27,78.7,0,11.2,5.8,40,1003,1.9,88,0,0,0
Monday,12-08-2024,07:00:00,80.5,87.9,94.27,78.7,0,11.6,4.7,30,1003,1.2,88,15,0.1,0
Monday,12-08-2024,08:00:00,80.5,87.9,94.27,78.7,0,11.4,5.8,40,1004,1.2,88,139,0.5,1
Monday,12-08-2024,09:00:00,82.3,93.8,94.31,80.5,0.004,11.6,5.8,60,1004,1.2,88,333,1.2,3
Monday,12-08-2024,10:00:00,82.3,93.8,94.31,80.5,0,11.9,6.9,60,1004,1.9,88,529,1.9,5
Monday,12-08-2024,11:00:00,84.1,99.9,93.17,81.9,0,11.9,6.1,83,1003.2,1.9,97.4,677,2.4,7
Monday,12-08-2024,12:00:00,82.3,95.7,100,82.3,0.008,10.5,5.8,60,1004,1.9,88,718,2.6,7
Monday,12-08-2024,13:00:00,84.1,100.4,94.35,82.3,0,10.3,4.7,100,1003,1.9,88,745,2.7,7
Monday,12-08-2024,14:00:00,82.3,95.7,100,82.3,0.008,9.6,8.1,350,1002,1.9,100,627,2.3,6
Monday,12-08-2024,15:00:00,80.5,89,100,80.5,0,8.7,3.4,300,1001,1.9,88,626,2.3,6
Monday,12-08-2024,16:00:00,82.3,93.8,94.31,80.5,0,7.8,3.4,290,1001,1.9,88,515,1.9,5
Monday,12-08-2024,17:00:00,82.3,93.8,94.31,80.5,0,7.2,3.4,300,1001,1.9,88,487,1.8,5
Monday,12-08-2024,18:00:00,82.3,93.8,94.31,80.5,0,8.3,2.2,77,1001,1.9,88,294,1.1,3
Monday,12-08-2024,19:00:00,82.3,93.8,94.31,80.5,0,11.4,2.2,72.9,1002,1.9,88,97,0.3,1
Monday,12-08-2024,20:00:00,82.3,93.8,94.31,80.5,0.016,14.8,3.4,200,1003,1.9,88,0,0,0
Monday,12-08-2024,21:00:00,82.3,93.8,94.31,80.5,0.083,16.1,4.7,160,1004,1.2,88,0,0,0
Monday,12-08-2024,22:00:00,80.5,87.9,94.27,78.7,0.106,12.8,2.2,49.2,1004,1.9,88,0,0,0
Monday,12-08-2024,23:00:00,78.7,78.7,94.23,76.9,0.012,10.3,3.4,30,1004,1.9,88,0,0,0
Tuesday,13-08-2024,00:00:00,78.7,78.7,94.23,76.9,0,10.7,3.4,80,1003,1.9,88,0,0,0
Tuesday,13-08-2024,01:00:00,78.7,78.7,94.23,76.9,0,9.4,3.4,50,1003,1.9,88,0,0,0
Tuesday,13-08-2024,02:00:00,80.4,87.9,96,79.2,1.142,9.2,3.4,37,1002.7,1.6,88.9,0,0,0
Tuesday,13-08-2024,03:00:00,80.6,88.1,94.27,78.8,0,12.3,3.4,60,1003,1.9,88.9,0,0,0
Tuesday,13-08-2024,04:00:00,80.6,88.1,94.27,78.8,0,14.5,4.7,40,1003,1.9,88.9,0,0,0
Tuesday,13-08-2024,05:00:00,80.7,88.7,95.57,79.3,0.67,13,1.3,44,1002.1,1.3,89.7,0,0,0
Tuesday,13-08-2024,06:00:00,80.6,88.1,94.27,78.8,0,14.1,5.8,50,1004,1.9,100,0,0,0
Tuesday,13-08-2024,07:00:00,80.6,89.3,100,80.6,0,13.6,8.1,80,1004,1.2,100,2,0,0
Tuesday,13-08-2024,08:00:00,81.8,92.6,96.07,80.6,0,13,5.8,74,1003.7,1.3,89.7,24,0.1,0
Tuesday,13-08-2024,09:00:00,84.2,98.2,88.99,80.6,0,12.1,6.9,90,1006,1.9,88.9,257,0.9,3
Tuesday,13-08-2024,10:00:00,86,104.7,89.07,82.4,0,11.6,9.2,80,1006,1.9,88.9,506,1.8,5
Tuesday,13-08-2024,11:00:00,89.1,109.3,78.7,81.7,0,11.9,6.4,76,1004,1.4,89.5,692,2.5,7
Tuesday,13-08-2024,12:00:00,89.6,111.4,79.46,82.4,0,12.1,9.2,120,1005,2.5,88.9,809,2.9,8
Tuesday,13-08-2024,13:00:00,87.8,105.1,79.33,80.6,0,11.2,8.1,140,1004,2.5,88.9,797,2.9,8
Tuesday,13-08-2024,14:00:00,83.9,99.4,93.73,81.9,0.402,10.3,4.4,152,1002.2,1.7,81.2,673,2.4,7
Tuesday,13-08-2024,15:00:00,89.6,111.4,79.46,82.4,0,9.8,5.8,80,1003,3.1,88.9,560,2,6
Tuesday,13-08-2024,16:00:00,87.8,108.2,84.11,82.4,0,8.9,3.4,60,1002,3.1,88.9,355,1.3,4
Tuesday,13-08-2024,17:00:00,86.2,105.4,88.68,82.5,0,8.3,4.4,84,1000.7,1.7,88.1,418,1.5,4
Tuesday,13-08-2024,18:00:00,82.4,94.1,94.32,80.6,0,9.4,3.4,340,1003,2.5,88.9,263,0.9,3
Tuesday,13-08-2024,19:00:00,82.4,94.1,94.32,80.6,0,9.8,4.7,70,1003,2.5,88.9,113,0.4,1
Tuesday,13-08-2024,20:00:00,84.2,100.9,94.89,82.5,0.024,10.3,1,96,1002.7,1.4,68.3,0,0,0
Tuesday,13-08-2024,21:00:00,84.2,100.7,94.36,82.4,0,10.7,2.2,105.5,1005,2.5,88.9,0,0,0
Tuesday,13-08-2024,22:00:00,84.2,100.7,94.36,82.4,0,10.3,0,0,1005,2.5,88.9,0,0,0
Tuesday,13-08-2024,23:00:00,83.7,99.6,96.47,82.5,0,10.5,2.2,96.9,1003.7,1.4,52.7,0,0,0
Wednesday,14-08-2024,00:00:00,84.2,100.7,94.36,82.4,0,9.2,4.7,10,1005,2.5,88.9,0,0,0
Wednesday,14-08-2024,01:00:00,82.4,94.1,94.32,80.6,0,9.2,3.4,30,1005,2.5,88.9,0,0,0
Wednesday,14-08-2024,02:00:00,82.5,95.3,96.86,81.5,0,9.4,1,56,1002.8,1.4,67,0,0,0
Wednesday,14-08-2024,03:00:00,82.4,94.1,94.32,80.6,0,9.6,4.7,60,1004,2.5,88.9,0,0,0
Wednesday,14-08-2024,04:00:00,82.4,94.1,94.32,80.6,0,9.8,3.4,70,1004,1.9,88.9,0,0,0
Wednesday,14-08-2024,05:00:00,82.2,94.4,97.19,81.3,0,11,1,50,1002.8,1.3,81.3,0,0,0
Wednesday,14-08-2024,06:00:00,82.4,94.1,94.32,80.6,0,9.6,2.2,86.7,1005,1.9,88.9,0,0,0
Wednesday,14-08-2024,07:00:00,83.9,99.5,94.35,82.1,0,9.8,2.4,70,1005,1.2,89.1,13,0,0
Wednesday,14-08-2024,08:00:00,84.4,100.8,92.87,82.1,0,10.5,3.7,50,1004.4,1.2,89.5,136,0.5,1
Wednesday,14-08-2024,09:00:00,87.5,107.7,84.99,82.4,0,8.9,4.9,80,1005.2,1.9,57,332,1.2,3
Wednesday,14-08-2024,10:00:00,87.8,108.2,84.11,82.4,0,8.7,5.8,90,1006,1.9,88.9,529,1.9,5
Wednesday,14-08-2024,11:00:00,92.2,112.9,70.11,81,0,9.4,4.2,89,1004.4,2.3,60.9,694,2.5,7
Wednesday,14-08-2024,12:00:00,92.9,113.7,68.38,80.9,0,10.1,5.1,80,1004.2,3,57,809,2.9,8
Wednesday,14-08-2024,13:00:00,92.9,113.1,67.66,80.6,0,10.1,4.9,90,1003.2,3.1,57,813,2.9,8
Wednesday,14-08-2024,14:00:00,94.6,115,63.52,80.3,0,10.1,9.1,90,1002,2.6,81.2,564,2,6
Wednesday,14-08-2024,15:00:00,91.4,110.9,70.84,80.6,0,10.5,9.2,100,1002,3.1,88.9,274,1,3
Wednesday,14-08-2024,16:00:00,91.4,107.8,66.78,78.8,0,10.3,6.9,80,1002,3.1,50,495,1.8,5
Wednesday,14-08-2024,17:00:00,92.3,113.3,70.11,81.2,0,10.1,4,138,1000.2,2.6,58.2,233,0.8,2
Wednesday,14-08-2024,18:00:00,87.8,105.1,79.33,80.6,0,9.6,5.8,140,1003,2.5,50,211,0.8,2
Wednesday,14-08-2024,19:00:00,87.8,108.2,84.11,82.4,0,9.6,3.4,120,1003,2.5,50,73,0.3,1
Wednesday,14-08-2024,20:00:00,87.8,107.2,82.72,81.9,0,9.8,0,0,1002.3,2.3,50,0,0,0
Wednesday,14-08-2024,21:00:00,86,104.7,89.07,82.4,0,10.1,2.2,120,1005,2.5,50,0,0,0
Wednesday,14-08-2024,22:00:00,86,104.7,89.07,82.4,0,10.3,0,0,1005,2.5,50,0,0,0
Wednesday,14-08-2024,23:00:00,86,104.1,87.81,82,0,11,0.6,91,1003.3,2.3,57.4,0,0,0
Thursday,15-08-2024,00:00:00,86,104.7,89.07,82.4,0,13.6,2.2,87.3,1004,2.5,88.9,0,0,0
Thursday,15-08-2024,01:00:00,84.2,100.7,94.36,82.4,0,15.7,5.8,70,1004,2.5,88.9,0,0,0
Thursday,15-08-2024,02:00:00,84.8,101.8,91.62,82.1,0,15.7,3.7,73,1002,2.3,61.1,0,0,0
Thursday,15-08-2024,03:00:00,84.2,100.7,94.36,82.4,0,16.3,4.7,110,1004,2.5,88.9,0,0,0
Thursday,15-08-2024,04:00:00,84.2,100.7,94.36,82.4,0,16.1,4.7,110,1004,1.9,88.9,0,0,0
Thursday,15-08-2024,05:00:00,83.7,98.1,92.93,81.4,0,15.7,4.7,52,1002.6,1.3,61.1,0,0,0
Thursday,15-08-2024,06:00:00,82.4,96.1,100,82.4,0,15.9,4.7,60,1005,1.9,100,0,0,0
Thursday,15-08-2024,07:00:00,84.2,100.7,94.36,82.4,0,15.7,9.2,60,1005,1.2,100,13,0,0
Thursday,15-08-2024,08:00:00,84.6,101.5,92.64,82.2,0.003,14.5,4,82,1003.5,1.2,99.7,135,0.5,1
Thursday,15-08-2024,09:00:00,84.2,100.7,94.36,82.4,0,13.9,6.9,70,1005,1.9,100,326,1.2,3
Thursday,15-08-2024,10:00:00,87.8,111.8,89.14,84.2,0,12.8,6.9,90,1005,2.5,88.9,516,1.9,5
Thursday,15-08-2024,11:00:00,90.6,110.7,73.74,81.1,0,12.1,7.1,92,1002.8,2.6,88.3,692,2.5,7
Thursday,15-08-2024,12:00:00,91.4,114.3,75.11,82.4,0,11,11.4,100,1004,3.1,88.9,813,2.9,8
Thursday,15-08-2024,13:00:00,89.6,111.4,79.46,82.4,0,9.4,6.9,120,1003,3.1,88.9,870,3.1,9
Thursday,15-08-2024,14:00:00,91.3,112.9,73.89,81.8,0.007,8.5,3.7,138,1000.6,2.6,81.2,856,3.1,9
Thursday,15-08-2024,15:00:00,89.6,111.4,79.46,82.4,0,7.4,3.4,140,1002,3.1,50,739,2.7,7
Thursday,15-08-2024,16:00:00,89.6,115.2,84.22,84.2,0,7.4,3.4,100,1001,3.1,88.9,276,1,3
Thursday,15-08-2024,17:00:00,86.4,109.8,94.62,84.7,0.094,8.1,2.2,320,998.7,2.5,88.2,90,0.3,1
Thursday,15-08-2024,18:00:00,86,107.9,94.4,84.2,0,6.9,9.2,100,1001,2.5,88.9,59,0.2,1
Thursday,15-08-2024,19:00:00,86,107.9,94.4,84.2,0,8.5,2.2,86.8,1001,2.5,88.9,50,0.2,1
Thursday,15-08-2024,20:00:00,84.4,101.3,94.07,82.5,0.029,11.4,4.2,229,1001,1.3,92.9,0,0,0
Thursday,15-08-2024,21:00:00,82.4,96.1,100,82.4,0,9.8,8.1,130,1003,1.2,100,0,0,0
Thursday,15-08-2024,22:00:00,80.6,88.1,94.27,78.8,0,10.5,0,0,1004,1.2,100,0,0,0
Thursday,15-08-2024,23:00:00,80.7,89.4,98.84,80.3,0.376,12.3,0,0,1001.9,1.3,91.6,0,0,0
Friday,16-08-2024,00:00:00,80.6,88.1,94.27,78.8,0,10.1,0,0,1003,1.9,88.9,0,0,0
Friday,16-08-2024,01:00:00,80.6,88.1,94.27,78.8,0,10.3,0,0,1003,1.9,88.9,0,0,0
Friday,16-08-2024,02:00:00,80.7,89.6,99.78,80.6,0.134,10.7,0.6,100.8,1000.8,1.3,96.8,0,0,0
Friday,16-08-2024,03:00:00,80.6,89.3,100,80.6,0,12.5,3.4,40,1002,1.9,88.9,0,0,0
Friday,16-08-2024,04:00:00,80.6,89.3,100,80.6,0,13.9,4.7,30,1002,1.9,88.9,0,0,0
Friday,16-08-2024,05:00:00,80.9,89.9,98.6,80.4,0,15.4,1.3,56,1000.6,1.3,96.8,0,0,0
Friday,16-08-2024,06:00:00,82.4,94.1,94.32,80.6,0,14.3,5.8,80,1002,1.9,50,0,0,0
Friday,16-08-2024,07:00:00,82.4,96.1,100,82.4,0,13.6,8.1,70,1003,1.9,50,14,0.1,0
Friday,16-08-2024,08:00:00,84.3,101.9,95.69,83,0,15.2,3.6,86,1001.7,1.3,81.2,118,0.4,1
Friday,16-08-2024,09:00:00,86,104.7,89.07,82.4,0,16.1,6.9,100,1003,2.5,50,295,1.1,3
Friday,16-08-2024,10:00:00,87.8,111.8,89.14,84.2,0,15.9,9.2,90,1003,2.5,88.9,489,1.8,5
Friday,16-08-2024,11:00:00,91,114.3,76.74,82.7,0,14.5,4.5,105,1001.5,2.5,67.2,649,2.3,6
Friday,16-08-2024,12:00:00,89.6,111.4,79.46,82.4,0,13.4,8.1,110,1003,3.1,88.9,715,2.6,7
Friday,16-08-2024,13:00:00,91.4,110.9,70.84,80.6,0,18.3,6.9,110,1002,3.1,88.9,756,2.7,8
Friday,16-08-2024,14:00:00,93.8,115,66.39,80.9,0,11.4,9.5,133,999.4,2.6,81.1,688,2.5,7
Friday,16-08-2024,15:00:00,93.2,113.5,66.98,80.6,0,10.5,10.3,130,1001,3.1,88.9,399,1.4,4
Friday,16-08-2024,16:00:00,91.4,107.8,66.78,78.8,0,10.1,10.3,140,1000,3.1,88.9,414,1.5,4
Friday,16-08-2024,17:00:00,90.7,109.3,71.76,80.3,0,9.8,5.6,142,998.8,2.6,81.3,308,1.1,3
Friday,16-08-2024,18:00:00,87.8,102.4,74.79,78.8,0,9.8,5.8,140,1001,3.1,88.9,113,0.4,1
Friday,16-08-2024,19:00:00,87.8,105.1,79.33,80.6,0,9.6,3.4,150,1002,2.5,88.9,52,0.2,0
Friday,16-08-2024,20:00:00,85,103.3,93.59,82.9,0.201,10.5,1,180,1001.9,2.3,81.3,0,0,0
Friday,16-08-2024,21:00:00,86,104.7,89.07,82.4,0,11.2,3.4,190,1004,2.5,88.9,0,0,0
Friday,16-08-2024,22:00:00,86,101.9,84,80.6,0,12.5,3.4,180,1004,2.5,88.9,0,0,0
Friday,16-08-2024,23:00:00,84.9,102.1,91.61,82.2,0,13.9,0,0,1003.3,2.3,82.5,0,0,0
Saturday,17-08-2024,00:00:00,84.2,96.1,83.9,78.8,0,12.8,0,0,1005,2.5,88.9,0,0,0
Saturday,17-08-2024,01:00:00,84.2,96.1,83.9,78.8,0,11.4,0,0,1005,2.5,88.9,0,0,0
Saturday,17-08-2024,02:00:00,84.1,99.3,92.35,81.6,0,8.7,0,0,1003.3,2.3,82.5,0,0,0
Saturday,17-08-2024,03:00:00,84.2,98.2,88.99,80.6,0,7.8,0,0,1004,2.5,88.9,0,0,0
Saturday,17-08-2024,04:00:00,82.4,94.1,94.32,80.6,0,7.2,0,0,1004,2.5,88.9,0,0,0
Saturday,17-08-2024,05:00:00,82.8,95.9,95.61,81.4,0,6.5,0.6,171.5,1002.8,2.3,78.8,0,0,0
Saturday,17-08-2024,06:00:00,84.2,100.7,94.36,82.4,0,2.5,2.2,161.3,1005,2.5,88.9,0,0,0
Saturday,17-08-2024,07:00:00,84.2,100.7,94.36,82.4,0,1.3,3.4,280,1005,1.9,50,14,0.1,0
Saturday,17-08-2024,08:00:00,85.6,103.2,88.99,82,0,2,0.6,90,1004.3,2.3,42.9,120,0.4,1
Saturday,17-08-2024,09:00:00,89.6,108.1,74.95,80.6,0,2.5,2.2,175.4,1006,2.5,50,310,1.1,3
Saturday,17-08-2024,10:00:00,93.2,110.3,63.14,78.8,0,3.1,2.2,166,1006,3.1,88.9,518,1.9,5
Saturday,17-08-2024,11:00:00,92,112.3,70.36,80.9,0,3.8,1,178,1004,2.6,81,684,2.5,7
Saturday,17-08-2024,12:00:00,93.2,107.5,59.5,77,0,4.7,2.2,196.1,1006,3.1,88.9,786,2.8,8
Saturday,17-08-2024,13:00:00,93.2,110.3,63.14,78.8,0,4.7,4.7,270,1005,3.1,88.9,855,3.1,9
Saturday,17-08-2024,14:00:00,91.4,114.1,74.65,82.2,0.041,5.1,5.5,299,1002.7,2.5,90.7,644,2.3,6
Saturday,17-08-2024,15:00:00,84.2,96.1,83.9,78.8,0,4.7,6.9,330,1004,2.5,88.9,280,1,3
Saturday,17-08-2024,16:00:00,84.2,96.1,83.9,78.8,0,5.1,3.4,320,1003,2.5,88.9,100,0.4,1
Saturday,17-08-2024,17:00:00,88.3,105.7,77.35,80.4,0.024,6.5,1.4,333,1002.1,2.5,82.7,58,0.2,1
Saturday,17-08-2024,18:00:00,84.2,100.7,94.36,82.4,0,7.4,3.4,280,1004,2.5,88.9,32,0.1,0
Saturday,17-08-2024,19:00:00,84.2,100.7,94.36,82.4,0,6.7,0,0,1004,2.5,88.9,11,0,0
Saturday,17-08-2024,20:00:00,85.7,102.3,86.57,81.2,0,6.5,0.6,300,1003.7,2.5,81.3,0,0,0
Saturday,17-08-2024,21:00:00,84.2,98.2,88.99,80.6,0,6.5,2.2,317.3,1006,2.5,88.9,0,0,0
Saturday,17-08-2024,22:00:00,84.2,98.2,88.99,80.6,0,5.6,2.2,321.2,1006,2.5,88.9,0,0,0
Saturday,17-08-2024,23:00:00,85.1,101.8,90.13,81.8,0,4.5,1,270,1004.2,2.3,52.7,0,0,0
Sunday,18-08-2024,00:00:00,84.2,100.7,94.36,82.4,0,4.3,3.4,250,1005,2.5,88.9,0,0,0
Sunday,18-08-2024,01:00:00,82.4,94.1,94.32,80.6,0,4,3.4,250,1005,2.5,88.9,0,0,0
Sunday,18-08-2024,02:00:00,84,99.1,92.65,81.6,0,2.7,1,230,1003.7,2.3,50.2,0,0,0
Sunday,18-08-2024,03:00:00,82.4,94.1,94.32,80.6,0,1.8,3.4,230,1005,2.5,88.9,0,0,0
Sunday,18-08-2024,04:00:00,82.4,94.1,94.32,80.6,0,1.6,3.4,220,1005,1.9,88.9,0,0,0
Sunday,18-08-2024,05:00:00,83.4,96.7,92.05,80.8,0,2,5,248,1003.7,2.2,27.2,0,0,0
Sunday,18-08-2024,06:00:00,82.4,94.1,94.32,80.6,0,4.9,4.7,250,1005,1.9,27.2,0,0,0
Sunday,18-08-2024,07:00:00,82.4,94.1,94.32,80.6,0,4.3,6.9,250,1006,2.5,27.2,10,0,0
Sunday,18-08-2024,08:00:00,86.1,102.9,85.47,81.2,0,4.5,5.8,268,1005,2.5,15,103,0.4,1
Sunday,18-08-2024,09:00:00,87.8,108.2,84.11,82.4,0,5.1,5.8,260,1007,2.5,50,293,1.1,3
Sunday,18-08-2024,10:00:00,89.6,108.1,74.95,80.6,0,5.4,5.8,270,1008,3.1,50,522,1.9,5
Sunday,18-08-2024,11:00:00,92.5,113.4,69.5,81.1,0,6.3,6.4,263,1005.4,2.6,78.6,690,2.5,7
Sunday,18-08-2024,12:00:00,91.4,107.8,66.78,78.8,0,7.2,9.2,270,1007,3.1,88.9,795,2.9,8
Sunday,18-08-2024,13:00:00,91.4,107.8,66.78,78.8,0,7.8,10.3,280,1006,2.5,88.9,670,2.4,7
Sunday,18-08-2024,14:00:00,89.6,108.3,75.07,80.7,0,9.4,1.7,335,1003.7,1.7,88.1,413,1.5,4
Sunday,18-08-2024,15:00:00,91.4,105.1,62.93,77,0,10.3,9.2,280,1004,3.1,88.9,213,0.8,2
Sunday,18-08-2024,16:00:00,91.4,107.8,66.78,78.8,0,10.7,8.1,270,1004,3.1,88.9,160,0.6,2
Sunday,18-08-2024,17:00:00,90.7,109.8,72.38,80.6,0,12.1,5.2,274,1002.2,2.6,88.1,81,0.3,1
Sunday,18-08-2024,18:00:00,91.4,110.9,70.84,80.6,0,10.7,8.1,280,1004,3.1,50,40,0.1,0
Sunday,18-08-2024,19:00:00,89.6,108.1,74.95,80.6,0,11.4,4.7,260,1004,3.1,50,15,0.1,0
Sunday,18-08-2024,20:00:00,88.1,107.7,81.89,81.8,0,11.9,1,270,1003.6,2.6,72.7,0,0,0
Sunday,18-08-2024,21:00:00,87.8,105.1,79.33,80.6,0,11.2,3.4,260,1006,3.1,50,0,0,0
Sunday,18-08-2024,22:00:00,87.8,105.1,79.33,80.6,0,9.2,2.2,230,1006,3.1,50,0,0,0
Sunday,18-08-2024,23:00:00,86.3,104.8,87.05,82,0,7.6,1,230,1004.4,2.6,67,0,0,0
Monday,19-08-2024,00:00:00,86,101.9,84,80.6,0,2,0,0,1006,3.1,50,0,0,0
Monday,19-08-2024,01:00:00,86,104.7,89.07,82.4,0,1.3,3.4,200,1006,3.1,50,0,0,0
Monday,19-08-2024,02:00:00,85.3,103.2,91.25,82.4,0,1.8,1,206,1003.8,2.6,67,0,0,0
Monday,19-08-2024,03:00:00,84.2,100.7,94.36,82.4,0,1.3,3.4,230,1005,3.1,88.9,0,0,0
Monday,19-08-2024,04:00:00,84.2,100.7,94.36,82.4,0,1.1,3.4,260,1005,2.5,88.9,0,0,0
Monday,19-08-2024,05:00:00,83.5,96.6,90.83,80.5,0,1.3,1,224,1003.5,1.6,67,0,0,0
Monday,19-08-2024,06:00:00,82.4,94.1,94.32,80.6,0,7.8,3.4,240,1006,2.5,88.9,0,0,0
Monday,19-08-2024,07:00:00,84.2,100.7,94.36,82.4,0,10.1,5.8,260,1006,2.5,88.9,11,0,0
Monday,19-08-2024,08:00:00,86.2,103.9,86.35,81.6,0,12.3,4.3,243,1004.7,1.4,44.5,131,0.5,1
Monday,19-08-2024,09:00:00,87.8,105.1,79.33,80.6,0,10.3,6.9,260,1006,2.5,50,210,0.8,2
Monday,19-08-2024,10:00:00,89.6,108.1,74.95,80.6,0,9.6,6.9,280,1007,3.1,50,454,1.6,5
Monday,19-08-2024,11:00:00,93,111.7,65.39,79.7,0,9.6,6.1,270,1004,2.6,81.3,651,2.3,7
Monday,19-08-2024,12:00:00,91.4,107.8,66.78,78.8,0,8.1,9.2,320,1005,2.5,88.9,814,2.9,8
Monday,19-08-2024,13:00:00,89.6,105.1,70.66,78.8,0,8.9,6.9,310,1004,2.5,88.9,821,3,8
Monday,19-08-2024,14:00:00,94,113.9,64.34,80.2,0,10.3,6.1,276,1001.2,2.3,81.3,258,0.9,3
Monday,19-08-2024,15:00:00,93.2,117.1,71.01,82.4,0,9.6,9.2,320,1003,3.1,50,234,0.8,2
Monday,19-08-2024,16:00:00,91.4,107.8,66.78,78.8,0,9.8,8.1,300,1002,3.1,50,358,1.3,4
Monday,19-08-2024,17:00:00,91.1,107.6,67.71,78.9,0,11,4,283,1000.3,2.6,82.3,26,0.1,0
Monday,19-08-2024,18:00:00,87.8,99.9,70.47,77,0,10.5,6.9,350,1003,3.1,50,103,0.4,1
Monday,19-08-2024,19:00:00,87.8,99.9,70.47,77,0,11.9,4.7,30,1003,2.5,50,12,0,0
Monday,19-08-2024,20:00:00,87.5,101,73.83,78.1,0,7.2,1.3,154,1001.8,2.5,79.8,0,0,0
Monday,19-08-2024,21:00:00,86,97.1,74.63,77,0,4.3,5.8,220,1004,2.5,50,0,0,0
Monday,19-08-2024,22:00:00,84.2,94.1,79.06,77,0,5.4,3.4,250,1004,2.5,50,0,0,0
Monday,19-08-2024,23:00:00,84.7,98.6,85.77,80,0,4.5,1,224,1003.4,2.3,72.7,0,0,0
Tuesday,20-08-2024,00:00:00,82.4,92.4,88.91,78.8,0,6.9,0,0,1005,2.5,50,0,0,0
Tuesday,20-08-2024,01:00:00,82.4,92.4,88.91,78.8,0,7.8,3.4,250,1004,2.5,50,0,0,0
Tuesday,20-08-2024,02:00:00,84,95.6,84.26,78.7,0,7.2,1,230,1002.8,1.4,72.7,0,0,0
Tuesday,20-08-2024,03:00:00,82.4,92.4,88.91,78.8,0,5.8,0,0,1004,2.5,50,0,0,0
Tuesday,20-08-2024,04:00:00,82.4,92.4,88.91,78.8,0,7.8,0,0,1004,2.5,50,0,0,0
Tuesday,20-08-2024,05:00:00,83.2,93.5,84.86,78.2,0,7.4,3.8,331,1002.7,1.5,89.6,0,0,0
Tuesday,20-08-2024,06:00:00,80.5,87.9,94.27,78.7,0,4.3,6.9,220,1004,2.5,88,0,0,0
Tuesday,20-08-2024,07:00:00,78.7,78.7,100,78.7,0,2.7,11.4,290,1006,1.9,100,12,0,0
Tuesday,20-08-2024,08:00:00,77.7,77.7,99.7,77.6,0,2.9,0.6,360,1004.9,2.2,96.8,129,0.5,1
Tuesday,20-08-2024,09:00:00,78.7,78.7,100,78.7,0,2.9,4.7,350,1006,1.9,100,138,0.5,1
Tuesday,20-08-2024,10:00:00,80.5,87.9,94.27,78.7,0,3.4,0,0,1006,1.9,100,178,0.6,2
Tuesday,20-08-2024,11:00:00,80.6,88.9,97.74,79.9,0.039,5.1,1,244,1004.7,1.4,95.5,321,1.2,3
Tuesday,20-08-2024,12:00:00,82.4,94.1,94.32,80.6,0,6.3,2.2,240,1006,2.5,88.9,816,2.9,8
Tuesday,20-08-2024,13:00:00,86,99.4,79.19,78.8,0,6.7,2.2,280,1005,2.5,88.9,871,3.1,9
Tuesday,20-08-2024,14:00:00,87.3,104.2,80.35,80.5,0,6.5,3.3,292,1002.5,2.5,81.3,863,3.1,9
Tuesday,20-08-2024,15:00:00,89.6,105.1,70.66,78.8,0,6.5,2.2,320,1004,3.1,88.9,380,1.4,4
Tuesday,20-08-2024,16:00:00,87.8,102.4,74.79,78.8,0,5.6,2.2,290,1003,3.1,88.9,95,0.3,1
Tuesday,20-08-2024,17:00:00,90,107.1,71.93,79.7,0,4.9,1.6,343,1002.1,2.6,81.3,197,0.7,2
Tuesday,20-08-2024,18:00:00,87.7,99.7,70.47,76.9,0,7.2,3.4,230,1004,3.1,88,109,0.4,1
Tuesday,20-08-2024,19:00:00,86,99.4,79.19,78.8,0,7.2,4.7,220,1005,3.1,88.9,35,0.1,0
Tuesday,20-08-2024,20:00:00,85.7,99.1,80.57,79,0,6.5,4.8,270,1003.4,2.6,78.8,0,0,0
Tuesday,20-08-2024,21:00:00,82.4,92.4,88.91,78.8,0,8.7,3.4,220,1006,2.5,88.9,0,0,0
Tuesday,20-08-2024,22:00:00,80.6,87.1,88.84,77,0,8.9,3.4,210,1006,2.5,88.9,0,0,0
Tuesday,20-08-2024,23:00:00,83.2,94.3,87.1,79,0,10.1,1,180,1005.2,1.6,78.8,0,0,0
Wednesday,21-08-2024,00:00:00,80.6,86.1,83.68,75.2,0,10.1,3.4,220,1007,2.5,88.9,0,0,0
Wednesday,21-08-2024,01:00:00,80.6,86.1,83.68,75.2,0,10.1,0,0,1007,2.5,88.9,0,0,0
Wednesday,21-08-2024,02:00:00,82.1,91.2,88.06,78.2,0,9.4,0.6,147.2,1004.6,1.4,77.3,0,0,0
Wednesday,21-08-2024,03:00:00,80.6,86.1,83.68,75.2,0,8.7,2.2,150.5,1006,2.5,50,0,0,0
Wednesday,21-08-2024,04:00:00,80.6,87.1,88.84,77,0,9.4,2.2,151,1006,2.5,88.9,0,0,0
Wednesday,21-08-2024,05:00:00,80.8,88.2,91.5,78.1,0,9.4,0.6,150,1004.7,2.3,64.5,0,0,0
Wednesday,21-08-2024,06:00:00,80.6,87.1,88.84,77,0,7.2,2.2,158.9,1006,2.5,50,0,0,0
Wednesday,21-08-2024,07:00:00,82.4,92.4,88.91,78.8,0,4.5,4.7,220,1007,2.5,50,11,0,0
Wednesday,21-08-2024,08:00:00,84.2,94.7,80.71,77.6,0,2,1,262,1005.5,2.5,43,123,0.4,1
Wednesday,21-08-2024,09:00:00,87.8,105.1,79.33,80.6,0,3.4,4.7,260,1007,2.5,50,310,1.1,3
Wednesday,21-08-2024,10:00:00,89.6,105.1,70.66,78.8,0,3.6,2.2,81.2,1008,3.1,50,487,1.8,5
Wednesday,21-08-2024,11:00:00,92.9,108,61.31,77.6,0,2.9,3.7,272,1005.8,2.6,48.8,669,2.4,7
Wednesday,21-08-2024,12:00:00,93.2,107.5,59.5,77,0,2.2,2.2,98.6,1007,3.1,50,773,2.8,8
Wednesday,21-08-2024,13:00:00,95,109.9,56.28,77,0,3.4,3.4,310,1006,3.1,88.9,841,3,8
Wednesday,21-08-2024,14:00:00,95.8,113.8,57.99,78.7,0,4.3,4,349,1003,2.6,59.9,837,3,8
Wednesday,21-08-2024,15:00:00,93.2,107.5,59.5,77,0,5.4,4.7,20,1004,3.1,88.9,780,2.8,8
Wednesday,21-08-2024,16:00:00,93.2,107.5,59.5,77,0,5.8,4.7,30,1003,3.1,88.9,431,1.6,4
Wednesday,21-08-2024,17:00:00,91.4,110.3,69.96,80.2,0,4.5,5,140,1001.5,2.6,68.3,290,1,3
Wednesday,21-08-2024,18:00:00,89.6,111.4,79.46,82.4,0,5.1,8.1,140,1004,3.1,88.9,106,0.4,1
Wednesday,21-08-2024,19:00:00,87.8,105.1,79.33,80.6,0,6.3,4.7,180,1005,2.5,88.9,29,0.1,0
Wednesday,21-08-2024,20:00:00,86.2,100.5,80.28,79.4,0,7.8,3.4,189,1003.8,2.5,81.3,0,0,0
Wednesday,21-08-2024,21:00:00,84.2,98.2,88.99,80.6,0,8.1,3.4,190,1006,2.5,88.9,0,0,0
Wednesday,21-08-2024,22:00:00,84.2,98.2,88.99,80.6,0,10.1,4.7,210,1006,2.5,50,0,0,0
Wednesday,21-08-2024,23:00:00,84.5,97,84.15,79.1,0,12.3,1,180,1004.4,2.3,51.9,0,0,0
Thursday,22-08-2024,00:00:00,84.2,98.2,88.99,80.6,0,13.9,3.4,230,1006,2.5,50,0,0,0
Thursday,22-08-2024,01:00:00,82.4,94.1,94.32,80.6,0,15,4.7,210,1005,2.5,50,0,0,0
Thursday,22-08-2024,02:00:00,83.2,94.4,87.64,79.1,0,13.9,1.3,230,1004,2.3,41.6,0,0,0
Thursday,22-08-2024,03:00:00,82.3,92.1,88.91,78.7,0.028,12.3,3.4,220,1005,2.5,50,0,0,0
Thursday,22-08-2024,04:00:00,82.3,93.8,94.31,80.5,0.024,10.7,4.7,230,1005,1.9,50,0,0,0
Thursday,22-08-2024,05:00:00,82.3,93.8,94.31,80.5,0.004,11.9,3.4,260,1005,1.9,50,0,0,0
Thursday,22-08-2024,06:00:00,82.3,92.1,88.91,78.7,0,11.4,3.4,240,1005,1.9,50,0,0,0
Thursday,22-08-2024,07:00:00,82.3,92.1,88.91,78.7,0,9.6,3.4,230,1006,2.5,50,11,0,0
Thursday,22-08-2024,08:00:00,84.1,95.8,83.89,78.7,0.012,7.4,6.9,250,1006,3.1,50,125,0.5,1
Thursday,22-08-2024,09:00:00,87.7,102.1,74.78,78.7,0.004,5.1,5.8,250,1006,3.1,50,322,1.2,3
Thursday,22-08-2024,10:00:00,89.5,104.9,70.65,78.7,0.008,2.2,4.7,280,1006,3.1,50,523,1.9,5
Thursday,22-08-2024,11:00:00,91.3,107.5,66.77,78.7,0.047,3.1,3.4,300,1006,3.1,50,694,2.5,7
Thursday,22-08-2024,12:00:00,93.1,110.1,63.13,78.7,0.02,2.9,4.7,280,1005,3.1,50,807,2.9,8
Thursday,22-08-2024,13:00:00,93.1,110.1,63.13,78.7,0,3.6,5.8,290,1004,3.1,50,873,3.1,9
Thursday,22-08-2024,14:00:00,94.9,109.7,56.27,76.9,0,4.7,6.9,280,1003,3.1,50,856,3.1,9
Thursday,22-08-2024,15:00:00,94.9,109.7,56.27,76.9,0,5.1,5.8,310,1002,3.1,50,723,2.6,7
Thursday,22-08-2024,16:00:00,94.9,109.7,56.27,76.9,0.008,4.7,5.8,330,1001,3.1,50,372,1.3,4
Thursday,22-08-2024,17:00:00,94.9,109.7,56.27,76.9,0.004,4.7,6.9,310,1002,3.1,50,118,0.4,1
Thursday,22-08-2024,18:00:00,93.1,107.3,59.49,76.9,0,8.5,5.8,280,1003,2.5,88,25,0.1,0
Thursday,22-08-2024,19:00:00,89.5,107.8,74.94,80.5,0,6.5,8.1,260,1004,2.5,50,12,0,0
Thursday,22-08-2024,20:00:00,85.9,99.1,79.19,78.7,0.004,8.9,9.2,240,1005,2.5,88,0,0,0
Thursday,22-08-2024,21:00:00,84.1,93.9,79.05,76.9,0.012,4.7,5.8,230,1005,2.5,88,0,0,0
Thursday,22-08-2024,22:00:00,84.1,93.9,79.05,76.9,0.11,5.8,8.1,240,1005,2.5,88,0,0,0
Thursday,22-08-2024,23:00:00,82.3,90.6,83.78,76.9,0.126,1.8,6.9,270,1005,2.5,88,0,0,0
Friday,23-08-2024,00:00:00,82.3,90.6,83.78,76.9,0.102,7.2,4.7,250,1005,2.5,88,0,0,0
Friday,23-08-2024,01:00:00,80.5,86.9,88.83,76.9,0,5.4,4.7,260,1005,2.5,88,0,0,0
Friday,23-08-2024,02:00:00,80.5,87.9,94.27,78.7,0.02,4.9,3.4,230,1005,2.5,88,0,0,0
Friday,23-08-2024,03:00:00,80.5,87.9,94.27,78.7,0.055,5.8,2.2,250,1005,2.5,88,0,0,0
Friday,23-08-2024,04:00:00,80.5,87.9,94.27,78.7,0.035,5.4,3.4,240,1005,2.5,88,0,0,0
Friday,23-08-2024,05:00:00,80.5,87.9,94.27,78.7,0.067,6.7,4.7,250,1005,2.5,88,0,0,0
Friday,23-08-2024,06:00:00,80.5,87.9,94.27,78.7,0.067,6,4.7,250,1006,2.5,88,0,0,0
Friday,23-08-2024,07:00:00,80.5,87.9,94.27,78.7,0,5.8,2.2,230,1007,2.5,88,11,0,0
Friday,23-08-2024,08:00:00,84.1,98,88.99,80.5,0.008,4,3.4,220,1007,2.5,88,115,0.4,1
Friday,23-08-2024,09:00:00,82.3,93.8,94.31,80.5,0,3.6,5.8,270,1007,2.5,100,290,1,3
Friday,23-08-2024,10:00:00,84.1,100.4,94.35,82.3,0.016,4,5.8,260,1008,2.5,100,503,1.8,5
Friday,23-08-2024,11:00:00,80.5,87.9,94.27,78.7,0.063,3.1,5.8,20,1008,2.5,100,689,2.5,7
Friday,23-08-2024,12:00:00,80.5,87.9,94.27,78.7,0,2.9,6.9,70,1007,2.5,88,801,2.9,8
Friday,23-08-2024,13:00:00,82.3,92.1,88.91,78.7,0,1.6,2.2,80,1006,2.5,88,865,3.1,9
Friday,23-08-2024,14:00:00,84.1,93.9,79.05,76.9,0,2,3.4,50,1005,2.5,88,835,3,8
Friday,23-08-2024,15:00:00,87.7,99.7,70.47,76.9,0,2.5,4.7,40,1004,3.1,50,701,2.5,7
Friday,23-08-2024,16:00:00,87.7,99.7,70.47,76.9,0,3.1,4.7,40,1004,3.1,50,609,2.2,6
Friday,23-08-2024,17:00:00,85.9,96.9,74.62,76.9,0,4.9,2.2,54.3,1004,3.1,50,469,1.7,5
Friday,23-08-2024,18:00:00,85.9,99.1,79.19,78.7,0.004,3.4,3.4,20,1004,3.1,50,173,0.6,2
Friday,23-08-2024,19:00:00,84.1,93.9,79.05,76.9,0,4.9,3.4,50,1004,2.5,50,66,0.2,0
Friday,23-08-2024,20:00:00,84.1,93.9,79.05,76.9,0.012,6.3,2.2,37.9,1005,2.5,50,0,0,0
Friday,23-08-2024,21:00:00,82.3,92.1,88.91,78.7,0.024,7.4,2.2,59.6,1006,2.5,50,0,0,0
Friday,23-08-2024,22:00:00,82.3,92.1,88.91,78.7,0.008,8.1,0,0,1006,2.5,50,0,0,0
Friday,23-08-2024,23:00:00,82.3,92.1,88.91,78.7,0.004,8.3,0,0,1006,2.5,50,0,0,0
Saturday,24-08-2024,00:00:00,82.3,92.1,88.91,78.7,0,8.1,2.2,89.3,1006,2.5,50,0,0,0
Saturday,24-08-2024,01:00:00,82.3,92.1,88.91,78.7,0,7.2,0,0,1006,2.5,50,0,0,0
Saturday,24-08-2024,02:00:00,80.5,87.9,94.27,78.7,0,8.9,0,0,1006,2.5,50,0,0,0
Saturday,24-08-2024,03:00:00,80.5,87.9,94.27,78.7,0,10.1,2.2,104.4,1005,2.5,50,0,0,0
Saturday,24-08-2024,04:00:00,80.5,87.9,94.27,78.7,0,10.7,0,0,1005,2.5,50,0,0,0
Saturday,24-08-2024,05:00:00,80.5,87.9,94.27,78.7,0,11,0,0,1005,1.9,50,0,0,0
Saturday,24-08-2024,06:00:00,80.5,87.9,94.27,78.7,0,9.4,0,0,1006,1.9,50,0,0,0
Saturday,24-08-2024,07:00:00,84.1,95.8,83.89,78.7,0,10.1,3.4,60,1007,1.9,50,10,0,0
Saturday,24-08-2024,08:00:00,85.9,101.6,84,80.5,0,10.5,2.2,109.2,1007,1.2,88,118,0.4,1
Saturday,24-08-2024,09:00:00,85.9,101.6,84,80.5,0,9.6,3.4,60,1007,1.2,88,316,1.1,3
Saturday,24-08-2024,10:00:00,87.7,104.9,79.32,80.5,0,8.3,3.4,50,1007,1.9,88,510,1.8,5
Saturday,24-08-2024,11:00:00,89.5,107.8,74.94,80.5,0,7.6,5.8,60,1006,1.9,88,685,2.5,7
Saturday,24-08-2024,12:00:00,89.5,107.8,74.94,80.5,0,7.4,6.9,70,1006,1.2,88,813,2.9,8
Saturday,24-08-2024,13:00:00,91.3,114.1,75.1,82.3,0,7.2,5.8,60,1005,1.9,88,871,3.1,9
Saturday,24-08-2024,14:00:00,93.1,113.2,66.97,80.5,0,7.6,3.4,50,1004,1.9,88,853,3.1,9
Saturday,24-08-2024,15:00:00,93.1,113.2,66.97,80.5,0,8.1,4.7,40,1002,1.9,88,578,2.1,6
Saturday,24-08-2024,16:00:00,91.3,110.6,70.83,80.5,0,7.2,6.9,20,1001,1.9,88,307,1.1,3
Saturday,24-08-2024,17:00:00,89.5,107.8,74.94,80.5,0,6.3,6.9,30,1001,1.9,50,238,0.9,2
Saturday,24-08-2024,18:00:00,89.5,104.9,70.65,78.7,0,7.6,5.8,10,1002,1.9,50,168,0.6,2
Saturday,24-08-2024,19:00:00,87.7,102.1,74.78,78.7,0,7.8,4.7,40,1003,1.9,50,43,0.2,0
Saturday,24-08-2024,20:00:00,85.9,101.6,84,80.5,0,8.5,4.7,30,1003,1.9,50,0,0,0
Saturday,24-08-2024,21:00:00,85.9,101.6,84,80.5,0.004,7.8,3.4,30,1004,1.9,50,0,0,0
Saturday,24-08-2024,22:00:00,85.9,101.6,84,80.5,0.004,8.3,4.7,50,1004,1.9,50,0,0,0
Saturday,24-08-2024,23:00:00,85.9,101.6,84,80.5,0.012,8.9,5.8,50,1004,1.9,50,0,0,0
Sunday,25-08-2024,00:00:00,84.1,100.4,94.35,82.3,0.016,11.2,4.7,50,1004,1.9,50,0,0,0
Sunday,25-08-2024,01:00:00,84.1,98,88.99,80.5,0,15.7,8.1,60,1004,1.9,88,0,0,0
Sunday,25-08-2024,02:00:00,78.7,78.7,94.23,76.9,0,18.1,5.8,50,1003,1.2,100,0,0,0
Sunday,25-08-2024,03:00:00,78.7,78.7,94.23,76.9,0,22.1,4.7,40,1003,1.9,88,0,0,0
Sunday,25-08-2024,04:00:00,78.7,78.7,94.23,76.9,0,20.8,3.4,50,1003,1.9,88,0,0,0
Sunday,25-08-2024,05:00:00,80.5,89,100,80.5,0,23.5,6.9,70,1003,1.9,50,0,0,0
Sunday,25-08-2024,06:00:00,80.5,89,100,80.5,0,24.6,6.9,70,1004,1.9,50,0,0,0
Sunday,25-08-2024,07:00:00,82.3,93.8,94.31,80.5,0,22.4,8.1,80,1004,1.9,50,10,0,0
Sunday,25-08-2024,08:00:00,85.9,104.4,89.06,82.3,0,21,8.1,90,1004,1.9,50,125,0.5,1
Sunday,25-08-2024,09:00:00,85.9,101.6,84,80.5,0,19.7,8.1,90,1004,1.9,50,324,1.2,3
Sunday,25-08-2024,10:00:00,87.7,102.1,74.78,78.7,0,19.2,9.2,90,1004,1.9,88,525,1.9,5
Sunday,25-08-2024,11:00:00,89.5,104.9,70.65,78.7,0,17.9,8.1,70,1003,2.5,88,694,2.5,7
Sunday,25-08-2024,12:00:00,91.3,107.5,66.77,78.7,0,18.3,8.1,70,1003,2.5,88,812,2.9,8
Sunday,25-08-2024,13:00:00,91.3,107.5,66.77,78.7,0,18.3,6.9,90,1002,2.5,88,868,3.1,9
Sunday,25-08-2024,14:00:00,91.3,104.8,62.92,76.9,0,19.2,9.2,80,1001,2.5,50,857,3.1,9
Sunday,25-08-2024,15:00:00,91.3,104.8,62.92,76.9,0,20.8,9.2,80,1000,3.1,50,719,2.6,7
Sunday,25-08-2024,16:00:00,91.3,104.8,62.92,76.9,0,20.8,9.2,70,1000,3.1,50,416,1.5,4
Sunday,25-08-2024,17:00:00,91.3,104.8,62.92,76.9,0,20.8,9.2,80,1000,3.1,50,134,0.5,1
Sunday,25-08-2024,18:00:00,89.5,100,62.7,75.1,0.012,20.8,9.2,80,1000,3.1,50,49,0.2,0
Sunday,25-08-2024,19:00:00,89.5,102.3,66.57,76.9,0,15.7,8.1,70,1001,3.1,50,34,0.1,0
Sunday,25-08-2024,20:00:00,87.7,102.1,74.78,78.7,0.004,16.6,8.1,80,1002,2.5,50,0,0,0
Sunday,25-08-2024,21:00:00,87.7,102.1,74.78,78.7,0.035,19.2,9.2,70,1002,2.5,50,0,0,0
Sunday,25-08-2024,22:00:00,85.9,101.6,84,80.5,0.039,20.4,9.2,80,1002,2.5,50,0,0,0
Sunday,25-08-2024,23:00:00,85.9,101.6,84,80.5,0.047,20.6,9.2,80,1002,2.5,25,0,0,0
